"","x","y","key",".gate"
"1",21.4,0.507180977260241,"4",1
"2",24.4,0.503790683057181,"8",1
"3",22.8,0.4983105537896,"9",1
"4",21,0.418301291319745,"1",2
"5",21,0.458637849025649,"2",2
"6",21.4,0.507180977260241,"4",2
"7",22.8,0.4983105537896,"9",2
"8",21.5,0.391816923613249,"21",2
"9",21.4,0.444044795918076,"32",2
